rev,workload,condition,sample,echoes,payload,cpu_ns,slices,vcsw,nvcsw,threads
b5ece8566b49d96811dc24401dbe8825bf03b796,iroh_dial,discovery,0,100,1,3741969,503,498,5,18
b5ece8566b49d96811dc24401dbe8825bf03b796,iroh_dial,discovery,1,100,1,3144120,503,499,4,18
b5ece8566b49d96811dc24401dbe8825bf03b796,iroh_dial,discovery,2,100,1,3134389,495,494,1,18
b5ece8566b49d96811dc24401dbe8825bf03b796,iroh_dial,discovery,3,100,1,3368680,498,495,3,18
b5ece8566b49d96811dc24401dbe8825bf03b796,iroh_dial,discovery,4,100,1,3398658,496,496,0,18
b5ece8566b49d96811dc24401dbe8825bf03b796,iroh_dial,discovery,5,100,1,5290099,513,506,7,18
b5ece8566b49d96811dc24401dbe8825bf03b796,iroh_dial,discovery,6,100,1,3093489,498,496,2,18
b5ece8566b49d96811dc24401dbe8825bf03b796,iroh_dial,discovery,7,100,1,3171159,503,501,2,18
b5ece8566b49d96811dc24401dbe8825bf03b796,iroh_dial,discovery,8,100,1,5316589,506,503,3,18
b5ece8566b49d96811dc24401dbe8825bf03b796,iroh_dial,discovery,9,100,1,3022140,504,502,2,18
b5ece8566b49d96811dc24401dbe8825bf03b796,iroh_dial,discovery,10,100,1,3003799,505,503,2,18
b5ece8566b49d96811dc24401dbe8825bf03b796,iroh_dial_p115,discovery,0,100,115,3856679,509,505,4,18
b5ece8566b49d96811dc24401dbe8825bf03b796,iroh_dial_p115,discovery,1,100,115,3421989,501,500,1,18
b5ece8566b49d96811dc24401dbe8825bf03b796,iroh_dial_p115,discovery,2,100,115,3212460,502,498,4,18
b5ece8566b49d96811dc24401dbe8825bf03b796,iroh_dial_p115,discovery,3,100,115,3470609,506,502,4,18
b5ece8566b49d96811dc24401dbe8825bf03b796,iroh_dial_p115,discovery,4,100,115,3224779,499,499,0,18
b5ece8566b49d96811dc24401dbe8825bf03b796,iroh_dial_p115,discovery,5,100,115,3590629,498,498,0,18
b5ece8566b49d96811dc24401dbe8825bf03b796,iroh_dial_p115,discovery,6,100,115,3221309,504,503,1,18
b5ece8566b49d96811dc24401dbe8825bf03b796,iroh_dial_p115,discovery,7,100,115,3260230,501,500,0,18
b5ece8566b49d96811dc24401dbe8825bf03b796,iroh_dial_p115,discovery,8,100,115,3281230,512,508,5,18
b5ece8566b49d96811dc24401dbe8825bf03b796,iroh_dial_p115,discovery,9,100,115,3363009,496,496,0,18
b5ece8566b49d96811dc24401dbe8825bf03b796,iroh_dial_p115,discovery,10,100,115,3942519,496,495,0,18
b5ece8566b49d96811dc24401dbe8825bf03b796,iroh_dial_p4278,discovery,0,100,4278,4856530,564,562,2,18
b5ece8566b49d96811dc24401dbe8825bf03b796,iroh_dial_p4278,discovery,1,100,4278,4548659,571,570,1,18
b5ece8566b49d96811dc24401dbe8825bf03b796,iroh_dial_p4278,discovery,2,100,4278,4320198,597,597,0,18
b5ece8566b49d96811dc24401dbe8825bf03b796,iroh_dial_p4278,discovery,3,100,4278,4355379,579,577,2,18
b5ece8566b49d96811dc24401dbe8825bf03b796,iroh_dial_p4278,discovery,4,100,4278,4205388,566,560,6,18
b5ece8566b49d96811dc24401dbe8825bf03b796,iroh_dial_p4278,discovery,5,100,4278,4489030,543,541,2,18
b5ece8566b49d96811dc24401dbe8825bf03b796,iroh_dial_p4278,discovery,6,100,4278,4660508,590,590,0,18
b5ece8566b49d96811dc24401dbe8825bf03b796,iroh_dial_p4278,discovery,7,100,4278,4361439,546,546,0,18
b5ece8566b49d96811dc24401dbe8825bf03b796,iroh_dial_p4278,discovery,8,100,4278,4306017,559,556,3,18
b5ece8566b49d96811dc24401dbe8825bf03b796,iroh_dial_p4278,discovery,9,100,4278,4621459,543,541,1,18
b5ece8566b49d96811dc24401dbe8825bf03b796,iroh_dial_p4278,discovery,10,100,4278,5096788,586,588,0,18
b5ece8566b49d96811dc24401dbe8825bf03b796,iroh_dial_p297822,discovery,0,100,297822,79345738,7138,7085,53,18
b5ece8566b49d96811dc24401dbe8825bf03b796,iroh_dial_p297822,discovery,1,100,297822,71277554,6848,6799,49,18
b5ece8566b49d96811dc24401dbe8825bf03b796,iroh_dial_p297822,discovery,2,100,297822,73216665,6849,6813,36,18
b5ece8566b49d96811dc24401dbe8825bf03b796,iroh_dial_p297822,discovery,3,100,297822,73140710,6915,6894,22,18
b5ece8566b49d96811dc24401dbe8825bf03b796,iroh_dial_p297822,discovery,4,100,297822,71266159,6774,6742,32,18
b5ece8566b49d96811dc24401dbe8825bf03b796,iroh_dial_p297822,discovery,5,100,297822,69114710,6737,6714,24,18
b5ece8566b49d96811dc24401dbe8825bf03b796,iroh_dial_p297822,discovery,6,100,297822,73267275,6831,6815,16,18
b5ece8566b49d96811dc24401dbe8825bf03b796,iroh_dial_p297822,discovery,7,100,297822,69161314,6831,6810,21,18
b5ece8566b49d96811dc24401dbe8825bf03b796,iroh_dial_p297822,discovery,8,100,297822,72543489,6871,6841,30,18
b5ece8566b49d96811dc24401dbe8825bf03b796,iroh_dial_p297822,discovery,9,100,297822,69414634,6863,6823,41,18
b5ece8566b49d96811dc24401dbe8825bf03b796,iroh_dial_p297822,discovery,10,100,297822,70928448,6806,6776,30,18
b5ece8566b49d96811dc24401dbe8825bf03b796,iroh_dial_p1550274,discovery,0,100,1550274,364366372,31952,31730,225,18
b5ece8566b49d96811dc24401dbe8825bf03b796,iroh_dial_p1550274,discovery,1,100,1550274,340725120,31373,31179,195,18
b5ece8566b49d96811dc24401dbe8825bf03b796,iroh_dial_p1550274,discovery,2,100,1550274,337201158,31298,31112,187,18
b5ece8566b49d96811dc24401dbe8825bf03b796,iroh_dial_p1550274,discovery,3,100,1550274,336361703,31531,31374,158,18
b5ece8566b49d96811dc24401dbe8825bf03b796,iroh_dial_p1550274,discovery,4,100,1550274,335656739,31386,31184,203,18
b5ece8566b49d96811dc24401dbe8825bf03b796,iroh_dial_p1550274,discovery,5,100,1550274,334064311,31112,30937,177,18
b5ece8566b49d96811dc24401dbe8825bf03b796,iroh_dial_p1550274,discovery,6,100,1550274,334083145,31615,31441,175,18
b5ece8566b49d96811dc24401dbe8825bf03b796,iroh_dial_p1550274,discovery,7,100,1550274,336706222,31410,31274,136,18
b5ece8566b49d96811dc24401dbe8825bf03b796,iroh_dial_p1550274,discovery,8,100,1550274,334010243,31106,30939,169,18
b5ece8566b49d96811dc24401dbe8825bf03b796,iroh_dial_p1550274,discovery,9,100,1550274,337228212,31596,31404,192,18
b5ece8566b49d96811dc24401dbe8825bf03b796,iroh_dial_p1550274,discovery,10,100,1550274,337239590,31585,31413,174,18
b5ece8566b49d96811dc24401dbe8825bf03b796,seer_dial,discovery,0,100,1,3886810,531,530,1,19
b5ece8566b49d96811dc24401dbe8825bf03b796,seer_dial,discovery,1,100,1,4738388,515,514,1,37
b5ece8566b49d96811dc24401dbe8825bf03b796,seer_dial,discovery,2,100,1,5192439,532,530,2,55
b5ece8566b49d96811dc24401dbe8825bf03b796,seer_dial,discovery,3,100,1,5439007,510,509,1,73
b5ece8566b49d96811dc24401dbe8825bf03b796,seer_dial,discovery,4,100,1,6391748,570,567,3,91
b5ece8566b49d96811dc24401dbe8825bf03b796,seer_dial,discovery,5,100,1,6964718,541,537,4,109
b5ece8566b49d96811dc24401dbe8825bf03b796,seer_dial,discovery,6,100,1,7537168,545,542,3,127
b5ece8566b49d96811dc24401dbe8825bf03b796,seer_dial,discovery,7,100,1,7930448,534,533,1,145
b5ece8566b49d96811dc24401dbe8825bf03b796,seer_dial,discovery,8,100,1,7838489,538,538,0,145
b5ece8566b49d96811dc24401dbe8825bf03b796,seer_dial,discovery,9,100,1,8132017,561,560,1,145
b5ece8566b49d96811dc24401dbe8825bf03b796,seer_dial,discovery,10,100,1,8715668,535,527,8,163
b5ece8566b49d96811dc24401dbe8825bf03b796,seer_dial_p115,discovery,0,100,115,3469819,518,518,0,19
b5ece8566b49d96811dc24401dbe8825bf03b796,seer_dial_p115,discovery,1,100,115,4584709,546,545,1,37
b5ece8566b49d96811dc24401dbe8825bf03b796,seer_dial_p115,discovery,2,100,115,5473950,515,514,1,55
b5ece8566b49d96811dc24401dbe8825bf03b796,seer_dial_p115,discovery,3,100,115,5810749,530,527,3,73
b5ece8566b49d96811dc24401dbe8825bf03b796,seer_dial_p115,discovery,4,100,115,6427878,524,519,5,91
b5ece8566b49d96811dc24401dbe8825bf03b796,seer_dial_p115,discovery,5,100,115,6973127,539,530,9,109
b5ece8566b49d96811dc24401dbe8825bf03b796,seer_dial_p115,discovery,6,100,115,7041838,500,497,3,127
b5ece8566b49d96811dc24401dbe8825bf03b796,seer_dial_p115,discovery,7,100,115,8002428,515,515,0,145
b5ece8566b49d96811dc24401dbe8825bf03b796,seer_dial_p115,discovery,8,100,115,8602629,569,565,4,163
b5ece8566b49d96811dc24401dbe8825bf03b796,seer_dial_p115,discovery,9,100,115,7857367,522,514,8,145
b5ece8566b49d96811dc24401dbe8825bf03b796,seer_dial_p115,discovery,10,100,115,8318888,537,533,4,145
b5ece8566b49d96811dc24401dbe8825bf03b796,seer_dial_p4278,discovery,0,100,4278,5556399,614,608,6,19
b5ece8566b49d96811dc24401dbe8825bf03b796,seer_dial_p4278,discovery,1,100,4278,5607649,595,593,1,37
b5ece8566b49d96811dc24401dbe8825bf03b796,seer_dial_p4278,discovery,2,100,4278,6720108,614,603,11,55
b5ece8566b49d96811dc24401dbe8825bf03b796,seer_dial_p4278,discovery,3,100,4278,7004589,617,597,20,73
b5ece8566b49d96811dc24401dbe8825bf03b796,seer_dial_p4278,discovery,4,100,4278,7361518,593,590,3,91
b5ece8566b49d96811dc24401dbe8825bf03b796,seer_dial_p4278,discovery,5,100,4278,7536048,587,583,4,109
b5ece8566b49d96811dc24401dbe8825bf03b796,seer_dial_p4278,discovery,6,100,4278,8339386,622,621,1,127
b5ece8566b49d96811dc24401dbe8825bf03b796,seer_dial_p4278,discovery,7,100,4278,9445597,602,601,1,145
b5ece8566b49d96811dc24401dbe8825bf03b796,seer_dial_p4278,discovery,8,100,4278,9733968,595,594,1,145
b5ece8566b49d96811dc24401dbe8825bf03b796,seer_dial_p4278,discovery,9,100,4278,9633808,616,609,7,145
b5ece8566b49d96811dc24401dbe8825bf03b796,seer_dial_p4278,discovery,10,100,4278,9926157,592,575,17,163
b5ece8566b49d96811dc24401dbe8825bf03b796,seer_dial_p297822,discovery,0,100,297822,94565903,7195,7160,36,19
b5ece8566b49d96811dc24401dbe8825bf03b796,seer_dial_p297822,discovery,1,100,297822,94640329,7244,7198,47,37
b5ece8566b49d96811dc24401dbe8825bf03b796,seer_dial_p297822,discovery,2,100,297822,94683590,7192,7144,48,55
b5ece8566b49d96811dc24401dbe8825bf03b796,seer_dial_p297822,discovery,3,100,297822,94738111,7326,7285,41,73
b5ece8566b49d96811dc24401dbe8825bf03b796,seer_dial_p297822,discovery,4,100,297822,95422011,7243,7209,34,91
b5ece8566b49d96811dc24401dbe8825bf03b796,seer_dial_p297822,discovery,5,100,297822,98871505,7384,7304,80,109
b5ece8566b49d96811dc24401dbe8825bf03b796,seer_dial_p297822,discovery,6,100,297822,98073255,7348,7289,60,127
b5ece8566b49d96811dc24401dbe8825bf03b796,seer_dial_p297822,discovery,7,100,297822,96130729,7383,7323,60,127
b5ece8566b49d96811dc24401dbe8825bf03b796,seer_dial_p297822,discovery,8,100,297822,97553774,7212,7157,56,109
b5ece8566b49d96811dc24401dbe8825bf03b796,seer_dial_p297822,discovery,9,100,297822,98299703,7427,7386,41,127
b5ece8566b49d96811dc24401dbe8825bf03b796,seer_dial_p297822,discovery,10,100,297822,0,1587,1577,9,109
b5ece8566b49d96811dc24401dbe8825bf03b796,seer_dial_p1550274,discovery,0,100,1550274,448038087,41162,40950,214,19
b5ece8566b49d96811dc24401dbe8825bf03b796,seer_dial_p1550274,discovery,1,100,1550274,453734541,41634,41459,177,37
b5ece8566b49d96811dc24401dbe8825bf03b796,seer_dial_p1550274,discovery,2,100,1550274,24263577,9223,9216,8,37
b5ece8566b49d96811dc24401dbe8825bf03b796,seer_dial_p1550274,discovery,3,100,1550274,17305146,8463,8379,82,37
b5ece8566b49d96811dc24401dbe8825bf03b796,seer_dial_p1550274,discovery,4,100,1550274,22796724,8129,8129,0,37
b5ece8566b49d96811dc24401dbe8825bf03b796,seer_dial_p1550274,discovery,5,100,1550274,22544933,8403,8452,0,37
b5ece8566b49d96811dc24401dbe8825bf03b796,seer_dial_p1550274,discovery,6,100,1550274,17367747,8231,8228,4,37
b5ece8566b49d96811dc24401dbe8825bf03b796,seer_dial_p1550274,discovery,7,100,1550274,25506281,8674,8607,65,37
b5ece8566b49d96811dc24401dbe8825bf03b796,seer_dial_p1550274,discovery,8,100,1550274,21754997,9020,9024,0,37
b5ece8566b49d96811dc24401dbe8825bf03b796,seer_dial_p1550274,discovery,9,100,1550274,17905382,9373,9410,0,37
b5ece8566b49d96811dc24401dbe8825bf03b796,seer_dial_p1550274,discovery,10,100,1550274,19990229,8102,8033,71,37
